Ha,M,m,beta,Sc_N,Sc_C,F''(0),|- G' (0) |, [ -N'(0) ],[-C'(0) ]
0,0,0,0,385.5,500,0.2464,1.026,3.1071,3.4339
0,0,0,0,385.5,750,0.2464,1.026,3.1071,4.0009
0,0,0,0,385.5,1000,0.2464,1.026,3.1071,4.4507
0,0,0,0,1522.25,500,0.2464,1.026,5.1887,3.4335
0,0,0,0,1522.25,750,0.2464,1.026,5.1889,3.9994
0,0,0,0,1522.25,1000,0.2464,1.026,5.1889,4.4497
0,0,0,0,2659,500,0.2464,1.026,6.3417,3.4325
0,0,0,0,2659,750,0.2464,1.026,6.3417,3.9994
0,0,0,0,2659,1000,0.2464,1.026,6.3417,4.4497
0,0,0,0.5,385.5,500,0.2464,1.026,3.1072,33.4919
0,0,0,0.5,385.5,750,0.2464,1.026,3.1068,46.2945
0,0,0,0.5,385.5,1000,0.2464,1.026,3.1068,58.146
0,0,0,0.5,1522.25,500,0.2464,1.026,5.1887,24.3463
0,0,0,0.5,1522.25,750,0.2464,1.026,5.1887,34.0098
0,0,0,0.5,1522.25,1000,0.2464,1.026,5.1887,43.1112
0,0,0,0.5,2659,500,0.2464,1.026,6.3396,21.3268
0,0,0,0.5,2659,750,0.2464,1.026,6.3396,29.8514
0,0,0,0.5,2659,1000,0.2464,1.026,6.3396,37.9223
0,0,0,1,385.5,500,0.2464,1.026,3.1072,63.55
0,0,0,1,385.5,750,0.2464,1.026,3.1068,88.5884
0,0,0,1,385.5,1000,0.2464,1.026,3.1068,111.8414
0,0,0,1,1522.25,500,0.2464,1.026,5.1887,45.259
0,0,0,1,1522.25,750,0.2464,1.026,5.1887,64.0191
0,0,0,1,1522.25,1000,0.2464,1.026,5.1887,81.7717
0,0,0,1,2659,500,0.2464,1.026,6.3396,39.2202
0,0,0,1,2659,750,0.2464,1.026,6.3396,55.7021
0,0,0,1,2659,1000,0.2464,1.026,6.3396,71.3939
0,0,1,0,385.5,500,0.2464,1.026,3.1071,3.4339
0,0,1,0,385.5,750,0.2464,1.026,3.1071,4.0009
0,0,1,0,385.5,1000,0.2464,1.026,3.1071,4.4507
0,0,1,0,1522.25,500,0.2464,1.026,5.1889,3.4335
0,0,1,0,1522.25,750,0.2464,1.026,5.1889,3.9994
0,0,1,0,1522.25,1000,0.2464,1.026,5.1889,4.4497
0,0,1,0,2659,500,0.2464,1.026,6.3417,3.4325
0,0,1,0,2659,750,0.2464,1.026,6.3417,3.9994
0,0,1,0,2659,1000,0.2464,1.026,6.3417,4.4497
0,0,1,0.5,385.5,500,0.2464,1.026,3.1072,33.4919
0,0,1,0.5,385.5,750,0.2464,1.026,3.1068,46.2945
0,0,1,0.5,385.5,1000,0.2464,1.026,3.1068,58.146
0,0,1,0.5,1522.25,500,0.2464,1.026,5.1887,24.3463
0,0,1,0.5,1522.25,750,0.2464,1.026,5.1887,34.0098
0,0,1,0.5,1522.25,1000,0.2464,1.026,5.1887,43.1112
0,0,1,0.5,2659,500,0.2464,1.026,6.3396,21.3268
0,0,1,0.5,2659,750,0.2464,1.026,6.3396,29.8514
0,0,1,0.5,2659,1000,0.2464,1.026,6.3396,37.9223
0,0,1,1,385.5,500,0.2464,1.026,3.1072,63.55
0,0,1,1,385.5,750,0.2464,1.026,3.1068,88.5884
0,0,1,1,385.5,1000,0.2464,1.026,3.1068,111.8414
0,0,1,1,1522.25,500,0.2464,1.026,5.1887,45.259
0,0,1,1,1522.25,750,0.2464,1.026,5.1887,64.0191
0,0,1,1,1522.25,1000,0.2464,1.026,5.1887,81.7717
0,0,1,1,2659,500,0.2464,1.026,6.3396,39.2202
0,0,1,1,2659,750,0.2464,1.026,6.3396,55.7021
0,0,1,1,2659,1000,0.2464,1.026,6.3396,71.3939
0,0,2,0,385.5,500,0.2464,1.026,3.1071,3.4339
0,0,2,0,385.5,750,0.2464,1.026,3.1071,4.0009
0,0,2,0,385.5,1000,0.2464,1.026,3.1071,4.4507
0,0,2,0,1522.25,500,0.2464,1.026,5.1887,3.4335
0,0,2,0,1522.25,750,0.2464,1.026,5.1889,3.9994
0,0,2,0,1522.25,1000,0.2464,1.026,5.1889,4.4497
0,0,2,0,2659,500,0.2464,1.026,6.3417,3.4325
0,0,2,0,2659,750,0.2464,1.026,6.3417,3.9994
0,0,2,0,2659,1000,0.2464,1.026,6.3417,4.4497
0,0,2,0.5,385.5,500,0.2464,1.026,3.1068,33.4919
0,0,2,0.5,385.5,750,0.2464,1.026,3.1068,46.2945
0,0,2,0.5,385.5,1000,0.2464,1.026,3.1068,58.146
0,0,2,0.5,1522.25,500,0.2464,1.026,5.1887,24.3463
0,0,2,0.5,1522.25,750,0.2464,1.026,5.1887,34.0098
0,0,2,0.5,1522.25,1000,0.2464,1.026,5.1887,43.1112
0,0,2,0.5,2659,500,0.2464,1.026,6.3396,21.3268
0,0,2,0.5,2659,750,0.2464,1.026,6.3396,29.8514
0,0,2,0.5,2659,1000,0.2464,1.026,6.3396,37.9223
0,0,2,1,385.5,500,0.2464,1.026,3.1072,63.55
0,0,2,1,385.5,750,0.2464,1.026,3.1068,88.5884
0,0,2,1,385.5,1000,0.2464,1.026,3.1068,111.8414
0,0,2,1,1522.25,500,0.2464,1.026,5.1887,45.259
0,0,2,1,1522.25,750,0.2464,1.026,5.1887,64.0191
0,0,2,1,1522.25,1000,0.2464,1.026,5.1887,81.7717
0,0,2,1,2659,500,0.2464,1.026,6.3396,39.2202
0,0,2,1,2659,750,0.2464,1.026,6.3396,55.7021
0,0,2,1,2659,1000,0.2464,1.026,6.3396,71.3939
0,2.5,0,0,385.5,500,0.1772,1.7321,2.5826,2.8764
0,2.5,0,0,385.5,750,0.1772,1.7321,2.5826,3.3871
0,2.5,0,0,385.5,1000,0.1772,1.7321,2.5826,3.792
0,2.5,0,0,1522.25,500,0.1772,1.7321,4.4522,2.8764
0,2.5,0,0,1522.25,750,0.1772,1.7321,4.4644,3.3835
0,2.5,0,0,1522.25,1000,0.1772,1.7321,4.4644,3.7919
0,2.5,0,0,2659,500,0.1772,1.7321,5.4929,2.8753
0,2.5,0,0,2659,750,0.1772,1.7321,5.4929,3.3838
0,2.5,0,0,2659,1000,0.1772,1.7321,5.4929,3.7885
0,2.5,0,0.5,385.5,500,0.1772,1.7321,2.5826,39.8673
0,2.5,0,0.5,385.5,750,0.1772,1.7321,2.5826,55.1607
0,2.5,0,0.5,385.5,1000,0.1772,1.7321,2.5826,69.4236
0,2.5,0,0.5,1522.25,500,0.1772,1.7321,4.4525,27.7208
0,2.5,0,0.5,1522.25,750,0.1772,1.7321,4.4541,38.8779
0,2.5,0,0.5,1522.25,1000,0.1772,1.7321,4.4541,49.391
0,2.5,0,0.5,2659,500,0.1772,1.7321,5.4929,23.7125
0,2.5,0,0.5,2659,750,0.1772,1.7321,5.4929,33.4129
0,2.5,0,0.5,2659,1000,0.1772,1.7321,5.4929,42.5663
0,2.5,0,1,385.5,500,0.1772,1.7321,2.5826,76.8583
0,2.5,0,1,385.5,750,0.1772,1.7321,2.5826,106.9343
0,2.5,0,1,385.5,1000,0.1772,1.7321,2.5826,135.0571
0,2.5,0,1,1522.25,500,0.1772,1.7321,4.4525,52.5656
0,2.5,0,1,1522.25,750,0.1772,1.7321,4.4541,74.372
0,2.5,0,1,1522.25,1000,0.1772,1.7321,4.4541,94.9935
0,2.5,0,1,2659,500,0.1772,1.7321,5.4929,44.5497
0,2.5,0,1,2659,750,0.1772,1.7321,5.4929,63.4421
0,2.5,0,1,2659,1000,0.1772,1.7321,5.4929,81.3441
0,2.5,1,0,385.5,500,0.5466,1.4678,4.2022,4.624
0,2.5,1,0,385.5,750,0.5466,1.4678,4.2016,5.3578
0,2.5,1,0,385.5,1000,0.5466,1.4678,4.2016,5.9415
0,2.5,1,0,1522.25,500,0.5466,1.4678,6.9002,4.6236
0,2.5,1,0,1522.25,750,0.5466,1.4678,6.9002,5.3578
0,2.5,1,0,1522.25,1000,0.5466,1.4678,6.9002,5.9415
0,2.5,1,0,2659,500,0.5466,1.4678,8.3973,4.6236
0,2.5,1,0,2659,750,0.5466,1.4678,8.3973,5.3578
0,2.5,1,0,2659,1000,0.5466,1.4678,8.3973,5.9415
0,2.5,1,0.5,385.5,500,0.5466,1.4678,4.2022,26.587
0,2.5,1,0.5,385.5,750,0.5466,1.4678,4.2022,36.3292
0,2.5,1,0.5,385.5,1000,0.5466,1.4678,4.2022,45.3414
0,2.5,1,0.5,1522.25,500,0.5466,1.4678,6.8989,20.2069
0,2.5,1,0.5,1522.25,750,0.546,1.4667,6.7411,26.9803
0,2.5,1,0.5,1522.25,1000,0.546,1.4667,6.7411,33.6624
0,2.5,1,0.5,2659,500,0.546,1.4667,8.2151,17.211
0,2.5,1,0.5,2659,750,0.546,1.4667,8.2151,23.4624
0,2.5,1,0.5,2659,1000,0.3878,1.0428,4.807,28.7542
0,2.5,1,1,385.5,500,0.5466,1.4678,4.2022,48.55
0,2.5,1,1,385.5,750,0.5466,1.4678,4.2022,67.3008
0,2.5,1,1,385.5,1000,0.5466,1.4678,4.2022,84.7418
0,2.5,1,1,1522.25,500,0.5466,1.4678,6.8989,35.7898
0,2.5,1,1,1522.25,750,0.546,1.4667,6.7411,48.7386
0,2.5,1,1,1522.25,1000,0.546,1.4667,6.7411,61.5279
0,2.5,1,1,2659,500,0.3878,1.0428,4.807,28.9507
0,2.5,1,1,2659,750,0.3878,1.0428,4.807,41.6915
0,2.5,1,1,2659,1000,0.3878,1.0428,4.807,54.0973
0,2.5,2,0,385.5,500,0.5246,1.2436,4.166,4.5822
0,2.5,2,0,385.5,750,0.5246,1.2436,4.1657,5.3062
0,2.5,2,0,385.5,1000,0.5246,1.2436,4.1657,5.8819
0,2.5,2,0,1522.25,500,0.5246,1.2436,6.8274,4.582
0,2.5,2,0,1522.25,750,0.5246,1.2436,6.8274,5.3062
0,2.5,2,0,1522.25,1000,0.5246,1.2436,6.8274,5.8819
0,2.5,2,0,2659,500,0.5246,1.2436,8.3037,4.582
0,2.5,2,0,2659,750,0.5246,1.2436,8.3037,5.3062
0,2.5,2,0,2659,1000,0.5246,1.2436,8.3037,5.8819
0,2.5,2,0.5,385.5,500,0.5246,1.2436,4.166,26.7185
0,2.5,2,0.5,385.5,750,0.5246,1.2436,4.166,36.534
0,2.5,2,0.5,385.5,1000,0.5246,1.2436,4.166,45.62
0,2.5,2,0.5,1522.25,500,0.5246,1.2436,6.8264,20.3282
0,2.5,2,0.5,1522.25,750,0.5243,1.2423,6.6728,27.1919
0,2.5,2,0.5,1522.25,1000,0.5243,1.2423,6.6728,33.9571
0,2.5,2,0.5,2659,500,0.5243,1.2423,8.1267,17.3512
0,2.5,2,0.5,2659,750,0.5243,1.2423,8.1267,23.6836
0,2.5,2,0.5,2659,1000,0.3733,0.8822,4.7639,28.7987
0,2.5,2,1,385.5,500,0.5246,1.2436,4.166,48.8548
0,2.5,2,1,385.5,750,0.5246,1.2436,4.166,67.7619
0,2.5,2,1,385.5,1000,0.5246,1.2436,4.166,85.3586
0,2.5,2,1,1522.25,500,0.5246,1.2436,6.8264,36.0742
0,2.5,2,1,1522.25,750,0.5243,1.2423,6.6728,49.2093
0,2.5,2,1,1522.25,1000,0.5243,1.2423,6.6728,62.1727
0,2.5,2,1,2659,500,0.5243,1.2423,8.1267,30.2393
0,2.5,2,1,2659,750,0.3733,0.8822,4.7639,41.7945
0,2.5,2,1,2659,1000,0.3733,0.8822,4.7639,54.2132
0,5,0,0,385.5,500,0.1409,2.2937,2.2111,2.4772
0,5,0,0,385.5,750,0.1409,2.2937,2.2111,2.949
0,5,0,0,385.5,1000,0.1409,2.2937,2.2103,3.3272
0,5,0,0,1522.25,500,0.1409,2.2937,3.9397,2.4772
0,5,0,0,1522.25,750,0.1409,2.2937,3.9397,2.949
0,5,0,0,1522.25,1000,0.1409,2.2937,3.9397,3.3247
0,5,0,0,2659,500,0.1409,2.2937,4.9042,2.4771
0,5,0,0,2659,750,0.1409,2.2937,4.9042,2.9476
0,5,0,0,2659,1000,0.1409,2.2937,4.9079,3.3156
0,5,0,0.5,385.5,500,0.1409,2.2937,2.2111,46.8009
0,5,0,0.5,385.5,750,0.1409,2.2937,2.2103,64.971
0,5,0,0.5,385.5,1000,0.1409,2.2937,2.2111,81.4578
0,5,0,0.5,1522.25,500,0.1409,2.2937,3.9402,31.1101
0,5,0,0.5,1522.25,750,0.1409,2.2937,3.9402,43.8905
0,5,0,0.5,1522.25,1000,0.1409,2.2937,3.9402,55.8832
0,5,0,0.5,2659,500,0.14,2.2936,4.6884,31.6458
0,5,0,0.5,2659,750,0.14,2.2936,4.6884,45.9355
0,5,0,0.5,2659,1000,0.14,2.2936,4.6884,60.329
0,5,0,1,385.5,500,0.1409,2.2937,2.2111,91.1246
0,5,0,1,385.5,750,0.1409,2.2937,2.2103,126.9937
0,5,0,1,385.5,1000,0.1409,2.2937,2.2111,159.5909
0,5,0,1,1522.25,500,0.1409,2.2937,3.9402,59.743
0,5,0,1,1522.25,750,0.1409,2.2937,3.9402,84.8333
0,5,0,1,1522.25,1000,0.1409,2.2937,3.9402,108.4435
0,5,0,1,2659,500,0.1403,2.2936,4.7101,60.153
0,5,0,1,2659,750,0.14,2.2936,4.6884,88.9276
0,5,0,1,2659,1000,0.14,2.2936,4.6884,117.349
0,5,1,0,385.5,500,0.7691,1.8576,4.7227,5.1947
0,5,1,0,385.5,750,0.7691,1.8576,4.7227,6.0162
0,5,1,0,385.5,1000,0.7691,1.8576,4.7227,6.6695
0,5,1,0,1522.25,500,0.7691,1.8576,7.7429,5.1947
0,5,1,0,1522.25,750,0.7691,1.8576,7.7429,6.0162
0,5,1,0,1522.25,1000,0.7691,1.8576,7.7429,6.6695
0,5,1,0,2659,500,0.7691,1.8576,9.4196,5.1947
0,5,1,0,2659,750,0.7691,1.8576,9.4196,6.0162
0,5,1,0,2659,1000,0.7691,1.8576,9.4196,6.6695
0,5,1,0.5,385.5,500,0.7691,1.8576,4.7231,24.705
0,5,1,0.5,385.5,750,0.7691,1.8576,4.7231,33.5349
0,5,1,0.5,385.5,1000,0.7691,1.8576,4.7231,41.682
0,5,1,0.5,1522.25,500,0.7682,1.8567,7.5686,18.3417
0,5,1,0.5,1522.25,750,0.7682,1.8567,7.5686,24.7732
0,5,1,0.5,1522.25,1000,0.5453,1.3212,4.4301,29.4187
0,5,1,0.5,2659,500,0.7682,1.8567,9.2192,16.0862
0,5,1,0.5,2659,750,0.5453,1.3212,5.3833,21.5373
0,5,1,0.5,2659,1000,0.5453,1.3212,5.3833,27.5842
0,5,1,1,385.5,500,0.7691,1.8576,4.7231,44.2152
0,5,1,1,385.5,750,0.7691,1.8576,4.7231,61.054
0,5,1,1,385.5,1000,0.7691,1.8576,4.7231,76.6954
0,5,1,1,1522.25,500,0.7682,1.8567,7.5686,31.6238
0,5,1,1,1522.25,750,0.5453,1.3212,4.4301,42.5489
0,5,1,1,1522.25,1000,0.5453,1.3212,4.4301,55.0178
0,5,1,1,2659,500,0.5453,1.3212,5.3833,27.5706
0,5,1,1,2659,750,0.5453,1.3212,5.3833,39.6255
0,5,1,1,2659,1000,0.5453,1.3212,5.3833,51.3483
0,5,2,0,385.5,500,0.7591,1.4616,4.7554,5.2251
0,5,2,0,385.5,750,0.7591,1.4616,4.7554,6.0425
0,5,2,0,385.5,1000,0.7591,1.4616,4.7554,6.6926
0,5,2,0,1522.25,500,0.7591,1.4616,7.7606,5.2251
0,5,2,0,1522.25,750,0.7591,1.4616,7.7606,6.0425
0,5,2,0,1522.25,1000,0.7591,1.4616,7.7606,6.6926
0,5,2,0,2659,500,0.7591,1.4616,9.4289,5.2251
0,5,2,0,2659,750,0.7591,1.4616,9.4289,6.0425
0,5,2,0,2659,1000,0.7591,1.4616,9.4289,6.6926
0,5,2,0.5,385.5,500,0.7591,1.4616,4.7554,24.5707
0,5,2,0.5,385.5,750,0.7591,1.4616,4.7554,33.3533
0,5,2,0.5,385.5,1000,0.7589,1.4603,4.6335,41.4104
0,5,2,0.5,1522.25,500,0.7589,1.4603,7.5926,18.3213
0,5,2,0.5,1522.25,750,0.7589,1.4603,7.5926,24.7523
0,5,2,0.5,1522.25,1000,0.5407,1.0375,4.457,29.2721
0,5,2,0.5,2659,500,0.7589,1.4603,9.2354,16.132
0,5,2,0.5,2659,750,0.5407,1.0375,5.4091,21.4136
0,5,2,0.5,2659,1000,0.5407,1.0375,5.4091,27.394
0,5,2,1,385.5,500,0.7591,1.4616,4.7554,43.9163
0,5,2,1,385.5,750,0.7591,1.4616,4.7554,60.6644
0,5,2,1,385.5,1000,0.7589,1.4603,4.6335,76.2801
0,5,2,1,1522.25,500,0.7589,1.4603,7.5926,31.5475
0,5,2,1,1522.25,750,0.5407,1.0375,4.457,42.3443
0,5,2,1,1522.25,1000,0.5407,1.0375,4.457,54.6963
0,5,2,1,2659,500,0.5407,1.0375,5.4091,27.4134
0,5,2,1,2659,750,0.5407,1.0375,5.4091,39.3501
0,5,2,1,2659,1000,0.5407,1.0375,5.4091,50.9403
1.5,0,0,0,385.5,500,1.1898,0.3122,5.7705,6.3138
1.5,0,0,0,385.5,750,1.1898,0.3122,5.7705,7.2601
1.5,0,0,0,385.5,1000,1.1898,0.3122,5.7705,8.013
1.5,0,0,0,1522.25,500,1.1898,0.3122,9.2505,6.3138
1.5,0,0,0,1522.25,750,1.1898,0.3122,9.2505,7.2601
1.5,0,0,0,1522.25,1000,1.1898,0.3122,9.2505,8.013
1.5,0,0,0,2659,500,1.1898,0.3122,11.1844,6.3138
1.5,0,0,0,2659,750,1.1898,0.3122,11.1844,7.2601
1.5,0,0,0,2659,1000,1.1898,0.3122,11.1844,8.013
1.5,0,0,0.5,385.5,500,1.1933,0.3063,5.6503,21.6386
1.5,0,0,0.5,385.5,750,1.1933,0.3063,5.6503,28.8237
1.5,0,0,0.5,385.5,1000,1.1933,0.3063,5.6503,35.382
1.5,0,0,0.5,1522.25,500,1.1933,0.3063,9.0809,16.8581
1.5,0,0,0.5,1522.25,750,1.1933,0.3063,9.0809,22.375
1.5,0,0,0.5,1522.25,1000,0.8608,0.2005,5.3652,27.1162
1.5,0,0,0.5,2659,500,1.1933,0.3063,10.9869,15.1744
1.5,0,0,0.5,2659,750,0.8608,0.2005,6.4797,20.0833
1.5,0,0,0.5,2659,1000,0.8608,0.2005,6.4797,25.459
1.5,0,0,1,385.5,500,1.1933,0.3063,5.6503,37.0911
1.5,0,0,1,385.5,750,1.1933,0.3063,5.6503,50.5285
1.5,0,0,1,385.5,1000,0.8608,0.2005,3.3598,58.3505
1.5,0,0,1,1522.25,500,0.8608,0.2005,5.3652,27.1919
1.5,0,0,1,1522.25,750,0.8608,0.2005,5.3652,38.5947
1.5,0,0,1,1522.25,1000,0.8608,0.2005,5.3652,49.5803
1.5,0,0,1,2659,500,0.8608,0.2005,6.4797,25.2803
1.5,0,0,1,2659,750,0.8608,0.2005,6.4797,35.9484
1.5,0,0,1,2659,1000,0.8608,0.2005,6.4797,46.2661
1.5,0,1,0,385.5,500,1.1898,0.3122,5.7705,6.3138
1.5,0,1,0,385.5,750,1.1898,0.3122,5.7705,7.2601
1.5,0,1,0,385.5,1000,1.1898,0.3122,5.7705,8.013
1.5,0,1,0,1522.25,500,1.1898,0.3122,9.2505,6.3138
1.5,0,1,0,1522.25,750,1.1898,0.3122,9.2505,7.2601
1.5,0,1,0,1522.25,1000,1.1898,0.3122,9.2505,8.013
1.5,0,1,0,2659,500,1.1898,0.3122,11.1844,6.3138
1.5,0,1,0,2659,750,1.1898,0.3122,11.1844,7.2601
1.5,0,1,0,2659,1000,1.1898,0.3122,11.1844,8.013
1.5,0,1,0.5,385.5,500,1.1933,0.3063,5.6503,21.6386
1.5,0,1,0.5,385.5,750,1.1933,0.3063,5.6503,28.8237
1.5,0,1,0.5,385.5,1000,1.1933,0.3063,5.6503,35.382
1.5,0,1,0.5,1522.25,500,1.1933,0.3063,9.0809,16.8581
1.5,0,1,0.5,1522.25,750,1.1933,0.3063,9.0809,22.375
1.5,0,1,0.5,1522.25,1000,0.8608,0.2005,5.3652,27.1162
1.5,0,1,0.5,2659,500,1.1933,0.3063,10.9869,15.1744
1.5,0,1,0.5,2659,750,0.8608,0.2005,6.4797,20.0833
1.5,0,1,0.5,2659,1000,0.8608,0.2005,6.4797,25.459
1.5,0,1,1,385.5,500,1.1933,0.3063,5.6503,37.0911
1.5,0,1,1,385.5,750,0.8608,0.2005,5.6503,50.5285
1.5,0,1,1,385.5,1000,0.8608,0.2005,3.3598,58.3505
1.5,0,1,1,1522.25,500,0.8608,0.2005,5.3652,27.1919
1.5,0,1,1,1522.25,750,0.8608,0.2005,5.3652,38.5947
1.5,0,1,1,1522.25,1000,0.8608,0.2005,5.3652,27.1919
1.5,0,1,1,2659,500,0.8608,0.2005,6.4797,25.2803
1.5,0,1,1,2659,750,0.8608,0.2005,6.4797,35.9484
1.5,0,1,1,2659,1000,0.8608,0.2005,6.4797,46.2661
1.5,0,2,0,385.5,500,1.1898,0.3122,5.7705,6.3138
1.5,0,2,0,385.5,750,1.1898,0.3122,5.7705,7.2601
1.5,0,2,0,385.5,1000,1.1898,0.3122,5.7705,8.013
1.5,0,2,0,1522.25,500,1.1898,0.3122,9.2505,6.3138
1.5,0,2,0,1522.25,750,1.1898,0.3122,9.2505,7.2601
1.5,0,2,0,1522.25,1000,1.1898,0.3122,9.2505,8.013
1.5,0,2,0,2659,500,1.1898,0.3122,11.1844,6.3138
1.5,0,2,0,2659,750,1.1898,0.3122,11.1844,7.2601
1.5,0,2,0,2659,1000,1.1898,0.3122,11.1844,8.013
1.5,0,2,0.5,385.5,500,1.1933,0.3063,5.6503,21.6386
1.5,0,2,0.5,385.5,750,1.1933,0.3063,5.6503,28.8237
1.5,0,2,0.5,385.5,1000,1.1933,0.3063,5.6503,35.382
1.5,0,2,0.5,1522.25,500,1.1933,0.3063,9.0809,16.8581
1.5,0,2,0.5,1522.25,750,1.1933,0.3063,9.0809,22.375
1.5,0,2,0.5,1522.25,1000,0.8608,0.2005,5.3652,27.1162
1.5,0,2,0.5,2659,500,1.1933,0.3063,10.9869,15.1744
1.5,0,2,0.5,2659,750,0.8608,0.2005,6.4797,20.0833
1.5,0,2,0.5,2659,1000,0.8608,0.2005,6.4797,25.459
1.5,0,2,1,385.5,500,1.1933,0.3063,5.6503,37.0911
1.5,0,2,1,385.5,750,1.1933,0.3063,5.6503,50.5285
1.5,0,2,1,385.5,1000,0.8608,0.2005,3.3598,58.3505
1.5,0,2,1,1522.25,500,0.8608,0.2005,5.3652,27.1919
1.5,0,2,1,1522.25,750,0.8608,0.2005,5.3652,38.5947
1.5,0,2,1,1522.25,1000,0.8608,0.2005,5.3652,49.5803
1.5,0,2,1,2659,500,0.8608,0.2005,6.4797,25.2803
1.5,0,2,1,2659,750,0.8608,0.2005,6.4797,35.9484
1.5,0,2,1,2659,1000,0.8608,0.2005,6.4797,46.2661
1.5,2.5,0,0,385.5,500,0.9475,1.0941,5.2897,5.7932
1.5,2.5,0,0,385.5,750,0.9475,1.0941,5.2897,6.6701
1.5,2.5,0,0,385.5,1000,0.9475,1.0941,5.2897,7.368
1.5,2.5,0,0,1522.25,500,0.9475,1.0941,8.5151,5.7932
1.5,2.5,0,0,1522.25,750,0.9475,1.0941,8.5151,6.6701
1.5,2.5,0,0,1522.25,1000,0.9475,1.0941,8.5151,7.368
1.5,2.5,0,0,2659,500,0.9475,1.0941,10.3078,5.7932
1.5,2.5,0,0,2659,750,0.9475,1.0941,10.3078,6.6701
1.5,2.5,0,0,2659,1000,0.9475,1.0941,10.3078,7.368
1.5,2.5,0,0.5,385.5,500,0.9487,1.0919,5.1707,22.759
1.5,2.5,0,0.5,385.5,750,0.9487,1.0919,5.1707,30.5124
1.5,2.5,0,0.5,385.5,1000,0.9487,1.0919,5.1707,37.5996
1.5,2.5,0,0.5,1522.25,500,0.9487,1.0919,8.3486,17.3993
1.5,2.5,0,0.5,1522.25,750,0.9487,1.0919,8.3486,23.2886
1.5,2.5,0,0.5,1522.25,1000,0.68,0.7721,4.9186,28.1727
1.5,2.5,0,0.5,2659,500,0.9487,1.0919,10.1146,15.5289
1.5,2.5,0,0.5,2659,750,0.68,0.7721,5.947,20.7291
1.5,2.5,0,0.5,2659,1000,0.68,0.7721,5.947,26.3903
1.5,2.5,0,1,385.5,500,0.9487,1.0919,5.1707,39.8511
1.5,2.5,0,1,385.5,750,0.9487,1.0919,5.1707,54.4937
1.5,2.5,0,1,385.5,1000,0.9487,1.0919,5.1707,67.9808
1.5,2.5,0,1,1522.25,500,0.68,0.7721,4.9186,28.3794
1.5,2.5,0,1,1522.25,750,0.68,0.7721,4.9186,40.444
1.5,2.5,0,1,1522.25,1000,0.68,0.7721,4.9186,52.0849
1.5,2.5,0,1,2659,500,0.68,0.7721,5.947,26.3239
1.5,2.5,0,1,2659,750,0.68,0.7721,5.947,37.5979
1.5,2.5,0,1,2659,1000,0.68,0.7721,5.947,48.5201
1.5,2.5,1,0,385.5,500,1.426,0.8802,6.0965,6.6733
1.5,2.5,1,0,385.5,750,1.426,0.8802,6.0965,7.6778
1.5,2.5,1,0,385.5,1000,1.426,0.8802,6.0965,8.4773
1.5,2.5,1,0,1522.25,500,1.426,0.8802,9.7913,6.6733
1.5,2.5,1,0,1522.25,750,1.426,0.8802,9.7913,7.6778
1.5,2.5,1,0,1522.25,1000,1.426,0.8802,9.7913,8.4773
1.5,2.5,1,0,2659,500,1.426,0.8802,11.8451,6.6733
1.5,2.5,1,0,2659,750,1.426,0.8802,11.8451,7.6778
1.5,2.5,1,0,2659,1000,1.426,0.8802,11.8451,8.4773
1.5,2.5,1,0.5,385.5,500,1.4297,0.8769,5.9691,21.0948
1.5,2.5,1,0.5,385.5,750,1.4297,0.8769,5.9691,27.9642
1.5,2.5,1,0.5,385.5,1000,1.4297,0.8769,5.9691,34.2175
1.5,2.5,1,0.5,1522.25,500,1.4297,0.8769,9.6105,16.5382
1.5,2.5,1,0.5,1522.25,750,1.4297,0.8769,9.6105,21.8181
1.5,2.5,1,0.5,1522.25,1000,1.0301,0.6156,5.67,26.6007
1.5,2.5,1,0.5,2659,500,1.4297,0.8769,11.6342,14.9369
1.5,2.5,1,0.5,2659,750,1.0301,0.6156,6.8529,19.7904
1.5,2.5,1,0.5,2659,1000,1.0301,0.6156,6.8529,25.0316
1.5,2.5,1,1,385.5,500,1.4297,0.8769,5.9691,35.652
1.5,2.5,1,1,385.5,750,1.4297,0.8769,5.9691,48.4006
1.5,2.5,1,1,385.5,1000,1.0301,0.6156,3.5419,56.6169
1.5,2.5,1,1,1522.25,500,1.0301,0.6156,5.67,26.5695
1.5,2.5,1,1,1522.25,750,1.0301,0.6156,5.67,37.6343
1.5,2.5,1,1,1522.25,1000,1.0301,0.6156,5.67,48.2884
1.5,2.5,1,1,2659,500,1.0301,0.6156,6.8529,24.7588
1.5,2.5,1,1,2659,750,1.0301,0.6156,6.8529,35.1282
1.5,2.5,1,1,2659,1000,1.0301,0.6156,6.8529,45.1502
1.5,2.5,2,0,385.5,500,1.4533,0.6247,6.1556,6.736
1.5,2.5,2,0,385.5,750,1.4533,0.6247,6.1556,7.747
1.5,2.5,2,0,385.5,1000,1.4533,0.6247,6.1556,8.5516
1.5,2.5,2,0,1522.25,500,1.4533,0.6247,9.8739,6.736
1.5,2.5,2,0,1522.25,750,1.4533,0.6247,9.8739,7.747
1.5,2.5,2,0,1522.25,1000,1.4533,0.6247,9.8739,8.5516
1.5,2.5,2,0,2659,500,1.4533,0.6247,11.9406,6.736
1.5,2.5,2,0,2659,750,1.4533,0.6247,11.9406,7.747
1.5,2.5,2,0,2659,1000,1.4533,0.6247,11.9406,6.736
1.5,2.5,2,0.5,385.5,500,1.4578,0.6202,6.0296,20.9966
1.5,2.5,2,0.5,385.5,750,1.4578,0.6202,6.0296,27.8167
1.5,2.5,2,0.5,385.5,1000,1.4578,0.6202,6.0296,34.0267
1.5,2.5,2,0.5,1522.25,500,1.4578,0.6202,9.6948,16.5202
1.5,2.5,2,0.5,1522.25,750,1.4578,0.6202,9.6948,21.7775
1.5,2.5,2,0.5,1522.25,1000,1.0529,0.4287,5.7271,26.4444
1.5,2.5,2,0.5,2659,500,1.4578,0.6202,11.7316,14.9433
1.5,2.5,2,0.5,2659,750,1.4578,0.6202,11.7316,19.598
1.5,2.5,2,0.5,2659,1000,1.0529,0.4287,6.9193,24.8838
1.5,2.5,2,1,385.5,500,1.4578,0.6202,6.0296,35.3914
1.5,2.5,2,1,385.5,750,1.4578,0.6202,6.0296,48.0349
1.5,2.5,2,1,385.5,1000,1.0529,0.4287,3.582,56.2134
1.5,2.5,2,1,1522.25,500,1.0529,0.4287,5.7271,26.4061
1.5,2.5,2,1,1522.25,750,1.0529,0.4287,5.7271,37.3718
1.5,2.5,2,1,1522.25,1000,1.0529,0.4287,5.7271,47.9254
1.5,2.5,2,1,2659,500,1.0529,0.4287,6.9193,24.6047
1.5,2.5,2,1,2659,750,1.0529,0.4287,6.9193,34.8787
1.5,2.5,2,1,2659,1000,1.0529,0.4287,6.9193,44.8034
1.5,5,0,0,385.5,500,0.7952,1.7233,4.9353,5.4098
1.5,5,0,0,385.5,750,0.7952,1.7233,4.9353,6.2366
1.5,5,0,0,385.5,1000,0.7952,1.7233,4.9353,6.8947
1.5,5,0,0,1522.25,500,0.7952,1.7233,7.9765,5.4098
1.5,5,0,0,1522.25,750,0.7952,1.7233,7.9765,6.2366
1.5,5,0,0,1522.25,1000,0.7952,1.7233,7.9765,6.8947
1.5,5,0,0,2659,500,0.7952,1.7233,9.6676,5.4098
1.5,5,0,0,2659,750,0.7952,1.7233,9.6676,6.2366
1.5,5,0,0,2659,1000,0.7952,1.7233,9.6676,6.8947
1.5,5,0,0.5,385.5,500,0.7952,1.7233,4.9353,23.9623
1.5,5,0,0.5,385.5,750,0.7953,1.7226,4.817,32.1212
1.5,5,0,0.5,385.5,1000,0.7953,1.7226,4.817,39.6919
1.5,5,0,0.5,1522.25,500,0.7953,1.7226,7.812,17.9551
1.5,5,0,0.5,1522.25,750,0.7953,1.7226,7.812,24.1861
1.5,5,0,0.5,1522.25,1000,0.5671,1.2259,4.5922,29.0487
1.5,5,0,0.5,2659,500,0.7953,1.7226,9.477,15.9156
1.5,5,0,0.5,2659,750,0.5671,1.2259,5.5587,21.2722
1.5,5,0,0.5,2659,1000,0.5671,1.2259,5.5587,27.1632
1.5,5,0,1,385.5,500,0.7952,1.7233,4.9353,42.5147
1.5,5,0,1,385.5,750,0.7953,1.7226,4.817,58.1436
1.5,5,0,1,385.5,1000,0.7953,1.7226,4.817,72.637
1.5,5,0,1,1522.25,500,0.5671,1.2259,4.5922,29.3592
1.5,5,0,1,1522.25,750,0.5671,1.2259,4.5922,41.9567
1.5,5,0,1,1522.25,1000,0.5671,1.2259,4.5922,54.1234
1.5,5,0,1,2659,500,0.5671,1.2259,5.5587,27.1855
1.5,5,0,1,2659,750,0.5671,1.2259,5.5587,38.9463
1.5,5,0,1,2659,1000,0.5671,1.2259,5.5587,50.3525
1.5,5,1,0,385.5,500,1.5892,1.3635,6.2845,6.8822
1.5,5,1,0,385.5,750,1.5892,1.3635,6.2845,7.9234
1.5,5,1,0,385.5,1000,1.5892,1.3635,6.2845,8.7522
1.5,5,1,0,1522.25,500,1.5892,1.3635,10.1144,6.8822
1.5,5,1,0,1522.25,750,1.5892,1.3635,10.1144,7.9234
1.5,5,1,0,1522.25,1000,1.5892,1.3635,10.1144,8.7522
1.5,5,1,0,2659,500,1.5892,1.3635,12.2436,6.8822
1.5,5,1,0,2659,750,1.5892,1.3635,12.2436,7.9234
1.5,5,1,0,2659,1000,1.5892,1.3635,12.2436,8.7522
1.5,5,1,0.5,385.5,500,1.592,1.362,6.1504,20.8223
1.5,5,1,0.5,385.5,750,1.592,1.362,6.1504,27.518
1.5,5,1,0.5,385.5,1000,1.592,1.362,6.1504,33.5989
1.5,5,1,0.5,1522.25,500,1.592,1.362,9.9238,16.3471
1.5,5,1,0.5,1522.25,750,1.1432,0.9671,5.8413,20.9291
1.5,5,1,0.5,1522.25,1000,1.1432,0.9671,5.8413,26.4366
1.5,5,1,0.5,2659,500,1.592,1.362,12.0214,14.7802
1.5,5,1,0.5,2659,750,1.1432,0.9671,7.0652,19.721
1.5,5,1,0.5,2659,1000,1.1432,0.9671,7.0652,24.9238
1.5,5,1,1,385.5,500,1.592,1.362,6.1504,34.9052
1.5,5,1,1,385.5,750,1.1432,0.9671,3.64,43.8
1.5,5,1,1,385.5,1000,1.1432,0.9671,3.64,55.8511
1.5,5,1,1,1522.25,500,1.1432,0.9671,5.8413,26.3337
1.5,5,1,1,1522.25,750,1.1432,0.9671,5.8413,37.2763
1.5,5,1,1,1522.25,1000,1.1432,0.9671,5.8413,47.8149
1.5,5,1,1,2659,500,1.1432,0.9671,7.0652,24.5877
1.5,5,1,1,2659,750,1.1432,0.9671,7.0652,34.86
1.5,5,1,1,2659,1000,1.1432,0.9671,7.0652,44.7893
1.5,5,2,0,385.5,500,1.6663,0.9232,6.4277,7.035
1.5,5,2,0,385.5,750,1.6663,0.9232,6.4277,8.0929
1.5,5,2,0,385.5,1000,1.6663,0.9232,6.4277,8.9347
1.5,5,2,0,1522.25,500,1.6663,0.9232,10.3185,7.035
1.5,5,2,0,1522.25,750,1.6663,0.9232,10.3185,8.0929
1.5,5,2,0,1522.25,1000,1.6663,0.9232,10.3185,8.9347
1.5,5,2,0,2659,500,1.6663,0.9232,12.4813,7.035
1.5,5,2,0,2659,750,1.6663,0.9232,12.4813,8.0929
1.5,5,2,0,2659,1000,1.6663,0.9232,12.4813,8.9347
1.5,5,2,0.5,385.5,500,1.671,0.9202,6.2962,20.6186
1.5,5,2,0.5,385.5,750,1.671,0.9202,6.2962,27.2077
1.5,5,2,0.5,385.5,1000,1.671,0.9202,6.2962,33.1952
1.5,5,2,0.5,1522.25,500,1.671,0.9202,10.1309,16.3182
1.5,5,2,0.5,1522.25,750,1.671,0.9202,10.1309,21.4062
1.5,5,2,0.5,1522.25,1000,1.2057,0.6475,5.979,26.0901
1.5,5,2,0.5,2659,500,1.671,0.9202,12.2622,14.8045
1.5,5,2,0.5,2659,750,1.671,0.9202,12.2622,19.3141
1.5,5,2,0.5,2659,1000,1.2057,0.6475,7.2262,24.5957
1.5,5,2,1,385.5,500,1.671,0.9202,6.2962,34.3423
1.5,5,2,1,385.5,750,1.2057,0.6475,3.7352,43.1403
1.5,5,2,1,385.5,1000,1.2057,0.6475,3.7352,54.9458
1.5,5,2,1,1522.25,500,1.2057,0.6475,5.979,25.97
1.5,5,2,1,1522.25,750,1.2057,0.6475,5.979,36.6888
1.5,5,2,1,1522.25,1000,1.2057,0.6475,5.979,46.9992
1.5,5,2,1,2659,500,1.2057,0.6475,7.2262,24.2451
1.5,5,2,1,2659,750,1.2057,0.6475,7.2262,34.3018
1.5,5,2,1,2659,1000,1.2057,0.6475,7.2262,44.0104
3,0,0,0,385.5,500,2.1027,0.361,7.0404,7.6963
3,0,0,0,385.5,750,2.1027,0.361,7.0404,8.8391
3,0,0,0,385.5,1000,2.1027,0.361,7.0404,9.7485
3,0,0,0,1522.25,500,2.1027,0.361,11.2433,7.6963
3,0,0,0,1522.25,750,2.1027,0.361,11.2433,8.8391
3,0,0,0,1522.25,1000,2.1027,0.361,11.2433,9.7485
3,0,0,0,2659,500,2.1027,0.361,13.5797,7.6963
3,0,0,0,2659,750,2.1027,0.361,13.5797,8.8391
3,0,0,0,2659,1000,2.1027,0.361,13.5797,9.7485
3,0,0,0.5,385.5,500,2.1123,0.3739,6.9082,19.9188
3,0,0,0.5,385.5,750,2.1123,0.3739,6.9082,26.0701
3,0,0,0.5,385.5,1000,2.1123,0.3739,6.9082,31.6489
3,0,0,0.5,1522.25,500,2.1123,0.3739,11.0526,16.1102
3,0,0,0.5,1522.25,750,2.1123,0.3739,11.0526,20.9267
3,0,0,0.5,1522.25,1000,1.5352,0.3097,6.5456,25.2388
3,0,0,0.5,2659,500,2.1123,0.3739,13.3563,14.755
3,0,0,0.5,2659,750,2.1123,0.3739,13.3563,19.0527
3,0,0,0.5,2659,1000,1.5352,0.3097,7.899,23.8572
3,0,0,1,385.5,500,2.1123,0.3739,6.9082,32.2825
3,0,0,1,385.5,750,1.5352,0.3097,4.1105,41.0675
3,0,0,1,385.5,1000,1.5352,0.3097,4.1105,52.1521
3,0,0,1,1522.25,500,1.5352,0.3097,6.5456,24.9855
3,0,0,1,1522.25,750,1.5352,0.3097,6.5456,35.0964
3,0,0,1,1522.25,1000,1.5352,0.3097,6.5456,44.7981
3,0,0,1,2659,500,1.5352,0.3097,7.899,23.3908
3,0,0,1,2659,750,1.5352,0.3097,7.899,32.8896
3,0,0,1,2659,1000,1.5352,0.3097,7.899,42.0348
3,0,1,0,385.5,500,2.1027,0.361,7.0404,7.6963
3,0,1,0,385.5,750,2.1027,0.361,7.0404,8.8391
3,0,1,0,385.5,1000,2.1027,0.361,7.0404,9.7485
3,0,1,0,1522.25,500,2.1027,0.361,11.2433,7.6963
3,0,1,0,1522.25,750,2.1027,0.361,11.2433,8.8391
3,0,1,0,1522.25,1000,2.1027,0.361,11.2433,9.7485
3,0,1,0,2659,500,2.1027,0.361,13.5797,7.6963
3,0,1,0,2659,750,2.1027,0.361,13.5797,8.8391
3,0,1,0,2659,1000,2.1027,0.361,13.5797,9.7485
3,0,1,0.5,385.5,500,2.1123,0.3739,6.9082,19.9188
3,0,1,0.5,385.5,750,2.1123,0.3739,6.9082,26.0701
3,0,1,0.5,385.5,1000,2.1123,0.3739,6.9082,31.6489
3,0,1,0.5,1522.25,500,2.1123,0.3739,11.0526,16.1102
3,0,1,0.5,1522.25,750,2.1123,0.3739,11.0526,20.9267
3,0,1,0.5,1522.25,1000,1.5352,0.3097,6.5456,25.2388
3,0,1,0.5,2659,500,2.1123,0.3739,13.3563,14.755
3,0,1,0.5,2659,750,2.1123,0.3739,13.3563,19.0527
3,0,1,0.5,2659,1000,1.5352,0.3097,7.899,23.8572
3,0,1,1,385.5,500,2.1123,0.3739,6.9082,32.2825
3,0,1,1,385.5,750,1.5352,0.3097,4.1105,41.0675
3,0,1,1,385.5,1000,1.5352,0.3097,4.1105,52.1521
3,0,1,1,1522.25,500,1.5352,0.3097,6.5456,24.9855
3,0,1,1,1522.25,750,1.5352,0.3097,6.5456,35.0964
3,0,1,1,1522.25,1000,1.5352,0.3097,6.5456,44.7981
3,0,1,1,2659,500,1.5352,0.3097,7.899,23.3908
3,0,1,1,2659,750,1.5352,0.3097,7.899,32.8896
3,0,1,1,2659,1000,1.5352,0.3097,7.899,42.0348
3,0,2,0,385.5,500,2.1027,0.361,7.0404,7.6963
3,0,2,0,385.5,750,2.1027,0.361,7.0404,8.8391
3,0,2,0,385.5,1000,2.1027,0.361,7.0404,9.7485
3,0,2,0,1522.25,500,2.1027,0.361,11.2433,7.6963
3,0,2,0,1522.25,750,2.1027,0.361,11.2433,8.8391
3,0,2,0,1522.25,1000,2.1027,0.361,11.2433,9.7485
3,0,2,0,2659,500,2.1027,0.361,13.5797,7.6963
3,0,2,0,2659,750,2.1027,0.361,13.5797,8.8391
3,0,2,0,2659,1000,2.1027,0.361,13.5797,9.7485
3,0,2,0.5,385.5,500,2.1123,0.3739,6.9082,19.9188
3,0,2,0.5,385.5,750,2.1123,0.3739,6.9082,26.0701
3,0,2,0.5,385.5,1000,2.1123,0.3739,6.9082,31.6489
3,0,2,0.5,1522.25,500,2.1123,0.3739,11.0526,16.1102
3,0,2,0.5,1522.25,750,2.1123,0.3739,11.0526,20.9267
3,0,2,0.5,1522.25,1000,1.5352,0.3097,6.5456,25.2388
3,0,2,0.5,2659,500,2.1123,0.3739,13.3563,14.755
3,0,2,0.5,2659,750,2.1123,0.3739,13.3563,19.0527
3,0,2,0.5,2659,1000,1.5352,0.3097,7.899,23.8572
3,0,2,1,385.5,500,2.1123,0.3739,6.9082,32.2825
3,0,2,1,385.5,750,1.5352,0.3739,4.1105,41.0675
3,0,2,1,385.5,1000,1.5352,0.3739,4.1105,52.1521
3,0,2,1,1522.25,500,1.5352,0.3097,6.5456,24.9855
3,0,2,1,1522.25,750,1.5352,0.3097,6.5456,35.0964
3,0,2,1,1522.25,1000,1.5352,0.3097,6.5456,44.7981
3,0,2,1,2659,500,1.5352,0.3097,7.899,23.3908
3,0,2,1,2659,750,1.5352,0.3097,7.899,32.8896
3,0,2,1,2659,1000,1.5352,0.3097,7.899,42.0348
3,2.5,0,0,385.5,500,1.7062,0.4806,6.518,7.1298
3,2.5,0,0,385.5,750,1.7062,0.4806,6.518,8.1956
3,2.5,0,0,385.5,1000,1.7062,0.4806,6.518,9.044
3,2.5,0,0,1522.25,500,1.7062,0.4806,10.4385,7.1298
3,2.5,0,0,1522.25,750,1.7062,0.4806,10.4385,8.1956
3,2.5,0,0,1522.25,1000,1.7062,0.4806,10.4385,9.044
3,2.5,0,0,2659,500,1.7062,0.4806,12.6181,7.1298
3,2.5,0,0,2659,750,1.7062,0.4806,12.6181,8.1956
3,2.5,0,0,2659,1000,1.7062,0.4806,12.6181,9.044
3,2.5,0,0.5,385.5,500,1.7109,0.4746,6.3866,20.4357
3,2.5,0,0.5,385.5,750,1.7109,0.4746,6.3866,26.9227
3,2.5,0,0.5,385.5,1000,1.2334,0.3204,3.7884,30.0183
3,2.5,0,0.5,1522.25,500,1.7109,0.4746,10.2504,16.236
3,2.5,0,0.5,1522.25,750,1.7109,0.4746,10.2504,21.2541
3,2.5,0,0.5,1522.25,1000,1.2334,0.3204,6.0475,26.1001
3,2.5,0,0.5,2659,500,1.7109,0.4746,12.3985,14.75
3,2.5,0,0.5,2659,750,1.7109,0.4746,12.3985,19.1998
3,2.5,0,0.5,2659,1000,1.2334,0.3204,7.3035,24.6272
3,2.5,0,1,385.5,500,1.7109,0.4746,6.3866,33.8818
3,2.5,0,1,385.5,750,1.2334,0.3204,3.7884,43.0209
3,2.5,0,1,385.5,1000,1.2334,0.3204,3.7884,54.7926
3,2.5,0,1,1522.25,500,1.2334,0.3204,6.0475,25.9567
3,2.5,0,1,1522.25,750,1.2334,0.3204,6.0475,36.6586
3,2.5,0,1,1522.25,1000,1.2334,0.3204,6.0475,46.9563
3,2.5,0,1,2659,500,1.2334,0.3204,7.3035,24.2566
3,2.5,0,1,2659,750,1.2334,0.3204,7.3035,34.3059
3,2.5,0,1,2659,1000,1.2334,0.3204,7.3035,44.0104
3,2.5,1,0,385.5,500,2.2801,0.3145,7.2031,7.8768
3,2.5,1,0,385.5,750,2.2801,0.3145,7.2031,9.0505
3,2.5,1,0,385.5,1000,2.2801,0.3145,7.2031,9.9846
3,2.5,1,0,1522.25,500,2.2801,0.3145,11.5201,7.8768
3,2.5,1,0,1522.25,750,2.2801,0.3145,11.5201,9.0505
3,2.5,1,0,1522.25,1000,2.2801,0.3145,11.5201,9.9846
3,2.5,1,0,2659,500,2.2801,0.3145,13.9202,7.8768
3,2.5,1,0,2659,750,2.2801,0.3145,13.9202,9.0505
3,2.5,1,0,2659,1000,2.2801,0.3145,13.9202,9.9846
3,2.5,1,0.5,385.5,500,2.2895,0.3075,7.0661,19.8016
3,2.5,1,0.5,385.5,750,2.2895,0.3075,7.0661,25.8604
3,2.5,1,0.5,385.5,1000,1.6617,0.1974,4.1994,28.6758
3,2.5,1,0.5,1522.25,500,2.2895,0.3075,11.3218,16.0573
3,2.5,1,0.5,1522.25,750,2.2895,0.3075,11.3218,20.8047
3,2.5,1,0.5,1522.25,1000,1.6617,0.1974,6.6991,25.0732
3,2.5,1,0.5,2659,500,2.2895,0.3075,13.6877,14.7277
3,2.5,1,0.5,2659,750,2.2895,0.3075,13.6877,18.9663
3,2.5,1,0.5,2659,1000,1.6617,0.1974,8.0887,23.7218
3,2.5,1,1,385.5,500,2.2895,0.3075,7.0661,31.8729
3,2.5,1,1,385.5,750,1.6617,0.1974,4.1994,40.6121
3,2.5,1,1,385.5,1000,1.6617,0.1974,4.1994,51.5414
3,2.5,1,1,1522.25,500,1.6617,0.1974,6.6991,24.7761
3,2.5,1,1,1522.25,750,1.6617,0.1974,6.6991,34.761
3,2.5,1,1,1522.25,1000,1.6617,0.1974,6.6991,44.3363
3,2.5,1,1,2659,500,1.6617,0.1974,8.0887,23.216
3,2.5,1,1,2659,750,1.6617,0.1974,8.0887,32.6023
3,2.5,1,1,2659,1000,1.6617,0.1974,8.0887,41.6334
3,2.5,2,0,385.5,500,2.3506,0.0324,7.2938,7.9744
3,2.5,2,0,385.5,750,2.3506,0.0324,7.2938,9.1601
3,2.5,2,0,385.5,1000,2.3506,0.0324,7.2938,10.1037
3,2.5,2,0,1522.25,500,2.3506,0.0324,11.6549,7.9744
3,2.5,2,0,1522.25,750,2.3506,0.0324,11.6549,9.1601
3,2.5,2,0,1522.25,1000,2.3506,0.0324,11.6549,10.1037
3,2.5,2,0,2659,500,2.3506,0.0324,14.0793,7.9744
3,2.5,2,0,2659,750,2.3506,0.0324,14.0793,9.1601
3,2.5,2,0,2659,1000,2.3506,0.0324,14.0793,10.1037
3,2.5,2,0.5,385.5,500,2.3617,0.0232,7.1578,19.749
3,2.5,2,0.5,385.5,750,2.3617,0.0232,7.1578,25.7677
3,2.5,2,0.5,385.5,1000,2.3617,0.0232,7.1578,31.22
3,2.5,2,0.5,1522.25,500,2.3617,0.0232,11.4577,16.0753
3,2.5,2,0.5,1522.25,750,2.3617,0.0232,11.4577,20.8065
3,2.5,2,0.5,1522.25,1000,1.7192,0.0134,6.7896,24.8806
3,2.5,2,0.5,2659,500,2.3617,0.0232,13.848,14.7686
3,2.5,2,0.5,2659,750,2.3617,0.0232,13.848,18.9997
3,2.5,2,0.5,2659,1000,1.7192,0.0134,8.1959,23.5399
3,2.5,2,1,385.5,500,2.3617,0.0232,7.1578,31.669
3,2.5,2,1,385.5,750,1.7192,0.0134,4.2598,40.2313
3,2.5,2,1,385.5,1000,1.7192,0.0134,4.2598,51.0186
3,2.5,2,1,1522.25,500,1.7192,0.0134,6.7896,24.5708
3,2.5,2,1,1522.25,750,1.7192,0.0134,6.7896,34.4273
3,2.5,2,1,1522.25,1000,1.7192,0.0134,6.7896,43.8714
3,2.5,2,1,2659,500,1.7192,0.0134,8.1959,23.023
3,2.5,2,1,2659,750,1.7192,0.0134,8.1959,32.2857
3,2.5,2,1,2659,1000,1.7192,0.0134,8.1959,41.19
3,5,0,0,385.5,500,1.4449,1.1677,6.1202,6.6988
3,5,0,0,385.5,750,1.4449,1.1677,6.1202,7.7071
3,5,0,0,385.5,1000,1.4449,1.1677,6.1202,8.5096
3,5,0,0,1522.25,500,1.4449,1.1677,9.8289,6.6988
3,5,0,0,1522.25,750,1.4449,1.1677,9.8289,7.7071
3,5,0,0,1522.25,1000,1.4449,1.1677,9.8289,8.5096
3,5,0,0,2659,500,1.4449,1.1677,11.8913,6.6988
3,5,0,0,2659,750,1.4449,1.1677,11.8913,7.7071
3,5,0,0,2659,1000,1.4449,1.1677,11.8913,8.5096
3,5,0,0.5,385.5,500,1.4473,1.1651,5.9901,21.0054
3,5,0,0.5,385.5,750,1.4473,1.1651,5.9901,27.8211
3,5,0,0.5,385.5,1000,1.4473,1.1651,5.9901,34.0189
3,5,0,0.5,1522.25,500,1.4473,1.1651,9.6439,16.4522
3,5,0,0.5,1522.25,750,1.0384,0.8231,5.6768,21.1644
3,5,0,0.5,1522.25,1000,1.0384,0.8231,5.6768,26.7685
3,5,0,0.5,2659,500,1.4473,1.1651,11.6756,14.8498
3,5,0,0.5,2659,750,1.0384,0.8231,6.8612,19.9228
3,5,0,0.5,2659,1000,1.0384,0.8231,6.8612,25.2139
3,5,0,1,385.5,500,1.4473,1.1651,5.9901,35.4504
3,5,0,1,385.5,750,1.4473,1.1651,5.9901,48.0885
3,5,0,1,385.5,1000,1.0384,0.8231,3.547,56.8857
3,5,0,1,1522.25,500,1.0384,0.8231,5.6768,26.7187
3,5,0,1,1522.25,750,1.0384,0.8231,5.6768,37.8705
3,5,0,1,1522.25,1000,1.0384,0.8231,5.6768,48.6179
3,5,0,1,2659,500,1.0384,0.8231,6.8612,24.9244
3,5,0,1,2659,750,1.0384,0.8231,6.8612,35.3875
3,5,0,1,2659,1000,1.0384,0.8231,6.8612,45.5088
3,5,1,0,385.5,500,2.3895,0.8809,7.2833,7.9675
3,5,1,0,385.5,750,2.3895,0.8809,7.2833,9.1594
3,5,1,0,385.5,1000,2.3895,0.8809,7.2833,10.1081
3,5,1,0,1522.25,500,2.3895,0.8809,11.6677,7.9675
3,5,1,0,1522.25,750,2.3895,0.8809,11.6677,9.1594
3,5,1,0,1522.25,1000,2.3895,0.8809,11.6677,10.1081
3,5,1,0,2659,500,2.3895,0.8809,14.1055,7.9675
3,5,1,0,2659,750,2.3895,0.8809,14.1055,9.1594
3,5,1,0,2659,1000,2.3895,0.8809,14.1055,10.1081
3,5,1,0.5,385.5,500,2.3973,0.8779,7.1412,19.728
3,5,1,0.5,385.5,750,2.3973,0.8779,7.1412,25.7273
3,5,1,0.5,385.5,1000,1.7329,0.6174,4.2342,28.6774
3,5,1,0.5,1522.25,500,2.3973,0.8779,11.4622,15.986
3,5,1,0.5,1522.25,750,2.3973,0.8779,11.4622,20.6758
3,5,1,0.5,1522.25,1000,1.7329,0.6174,6.7669,25.1327
3,5,1,0.5,2659,500,2.3973,0.8779,13.8648,14.661
3,5,1,0.5,2659,750,2.3973,0.8779,13.8648,18.844
3,5,1,0.5,2659,1000,1.7329,0.6174,8.175,23.804
3,5,1,1,385.5,500,2.3973,0.8779,7.1412,31.6405
3,5,1,1,385.5,750,1.7329,0.6174,4.2342,40.5615
3,5,1,1,385.5,1000,1.7329,0.6174,4.2342,51.4886
3,5,1,1,1522.25,500,1.7329,0.6174,6.7669,24.8026
3,5,1,1,1522.25,750,1.7329,0.6174,6.7669,34.8041
3,5,1,1,1522.25,1000,1.7329,0.6174,6.7669,44.3993
3,5,1,1,2659,500,1.7329,0.6174,8.175,23.2686
3,5,1,1,2659,750,1.7329,0.6174,8.175,32.6817
3,5,1,1,2659,1000,1.7329,0.6174,8.175,41.742
3,5,2,0,385.5,500,2.5441,0.4009,7.4734,8.1721
3,5,2,0,385.5,750,2.5441,0.4009,7.4734,9.3892
3,5,2,0,385.5,1000,2.5441,0.4009,7.4734,10.3579
3,5,2,0,1522.25,500,2.5441,0.4009,11.9503,8.1721
3,5,2,0,1522.25,750,2.5441,0.4009,11.9503,9.3892
3,5,2,0,1522.25,1000,2.5441,0.4009,11.9503,10.3579
3,5,2,0,2659,500,2.5441,0.4009,14.4394,8.1721
3,5,2,0,2659,750,2.5441,0.4009,14.4394,9.3892
3,5,2,0,2659,1000,2.5441,0.4009,14.4394,10.3579
3,5,2,0.5,385.5,500,2.5554,0.3951,7.3334,19.6326
3,5,2,0.5,385.5,750,2.5554,0.3951,7.3334,25.5551
3,5,2,0.5,385.5,1000,1.858,0.2641,4.3603,28.2199
3,5,2,0.5,1522.25,500,2.5554,0.3951,11.7468,16.0361
3,5,2,0.5,1522.25,750,2.5554,0.3951,11.7468,20.6985
3,5,2,0.5,1522.25,1000,1.858,0.2641,6.9562,24.7306
3,5,2,0.5,2659,500,2.5554,0.3951,14.2006,14.7581
3,5,2,0.5,2659,750,2.5554,0.3951,14.2006,18.9313
3,5,2,0.5,2659,1000,1.858,0.2641,8.3993,23.4227
3,5,2,1,385.5,500,2.5554,0.3951,7.3334,31.2431
3,5,2,1,385.5,750,1.858,0.2641,4.3603,39.7769
3,5,2,1,385.5,1000,1.858,0.2641,4.3603,50.4068
3,5,2,1,1522.25,500,1.858,0.2641,6.9562,24.3772
3,5,2,1,1522.25,750,1.858,0.2641,6.9562,34.1094
3,5,2,1,1522.25,1000,1.858,0.2641,6.9562,43.4283
3,5,2,1,2659,500,1.858,0.2641,8.3993,22.8672
3,5,2,1,2659,750,1.858,0.2641,8.3993,32.0202
3,5,2,1,2659,1000,1.858,0.2641,8.3993,40.8126
